Term,Title,Link
Automatización con Python,Scripts de automatización en Python que debes saber - freeCodeCamp.org,https://www.freecodecamp.org/espanol/news/scripts-de-automatizacion-en-python-que-debes-saber/
Automatización con Python,Uso de Python para scripting y automatización | Microsoft Learn,https://learn.microsoft.com/es-es/windows/python/scripting
Automatización con Python,Guía completa de automatización de tareas con Python,https://www.educaopen.com/digital-lab/blog/guias-digitales/automatizar-tareas-con-python-paso-a-paso
Automatización con Python,Aprende a Automatizar Tareas con Python - imaginaformacion.com,https://imaginaformacion.com/tutoriales/automatizacion-tareas-con-python
Automatización con Python,La Tareas de Automatización con Python: Ejemplos Prácticos y Sencillos,https://luiselectronic.com/lenguaje-python/automatizacion-con-python-2/
Automatización con Python,Automatización con Python: 9 scripts para automatizar flujos de trabajo ...,https://latenode.com/es/blog/python-automation
Automatización con Python,Automatización de tareas con Python Ejemplos prácticos,https://blenderdeluxe.com/es/desarrollo-web/automatizacion-de-tareas-con-python-ejemplos-practicos-137
Automatización con Python,Python para Automatización: Programa Tareas Automáticas - PYVORTEX,https://pyvortex.com/python-for-automation/
Automatización con Python,Curso de automatización de tareas con Python - CódigoFacilito,https://www.codigofacilito.com/cursos/automatizacion-tareas-python
Automatización con Python,Python RPA: Guía Definitiva para Automatización de Tareas - PYVORTEX,https://pyvortex.com/python-rpa/
Automatización con Selenium,Tutorial para usar Selenium: conceptos básicos y primeros pasos - IONOS,https://www.ionos.es/digitalguide/paginas-web/desarrollo-web/tutorial-de-selenium-webdriver/
Automatización con Selenium,Automatización web con Python y Selenium - HackerNoon,https://hackernoon.com/lang/es/automatizaci%C3%B3n-web-con-python-y-selenium
Automatización con Selenium,El tutorial más detallado de Selenium WebDriver con Python - ICHI.PRO,https://ichi.pro/es/el-tutorial-mas-detallado-de-selenium-webdriver-con-python-27292331775483
Automatización con Selenium,Automatización Web con Python y Selenium - bigcode.es,https://bigcode.es/automatizacion-web-con-python-y-selenium/
Automatización con Selenium,Tutorial de automatización de Selenium para principiantes,https://es.parasoft.com/blog/selenium-hacks-for-beginners/
Automatización con Selenium,Automatización con Python: Enviar Mensajes Usando Selenium y ...,https://www.wolfpress.co/automatizacion-con-python-enviar-mensajes-usando-selenium-y-chromedriver/
Automatización con Selenium,Selenium: La Herramienta Clave en Pruebas Automatizadas para la ...,https://izyacademy.com/selenium-la-herramienta-clave-en-pruebas-automatizadas-para-la-industria-de-software/
Automatización con Selenium,Selenium: automatización web moderna para desarrolladores expertos,https://pythonextremo.blogspot.com/2025/01/selenium-automatizacion-web-moderna_21.html
Automatización con Selenium,Aprende Automatización Web con Selenium - Udemy,https://www.udemy.com/course/aprende-automatizacion-web-con-selenium/
Automatización con Selenium,Selenium Chrome: guía completa para automatización web,https://databay.solutions/selenium-chrome-guia-completa-para-automatizacion-web/
Automatización con Python y Selenium,Automatización web con Python y Selenium - HackerNoon,https://hackernoon.com/lang/es/automatizaci%C3%B3n-web-con-python-y-selenium
Automatización con Python y Selenium,Automatización de Registro con Python y Selenium - Todo Real,https://todoreal.com/automatizacion-de-registro-con-python-y-selenium/
Automatización con Python y Selenium,Automatización Web con Python y Selenium - bigcode.es,https://bigcode.es/automatizacion-web-con-python-y-selenium/
Automatización con Python y Selenium,El tutorial más detallado de Selenium WebDriver con Python - ICHI.PRO,https://ichi.pro/es/el-tutorial-mas-detallado-de-selenium-webdriver-con-python-27292331775483
Automatización con Python y Selenium,Automatizar tareas con Python utilizando Selenium: una guía completa,https://jmjinformatico.es/automatizar-python-con-selenium/
Automatización con Python y Selenium,Guia De Selenium Webdriver En Python Para Automatizar Pruebas Web,https://elblogpython.com/tecnologia/guia-de-selenium-webdriver-en-python-para-automatizar-pruebas-web/
Automatización con Python y Selenium,Selenium en Python: Automatización Web y Testing.,https://aseazul.com/selenium-en-python-automatizacion-web-y-testing/
Automatización con Python y Selenium,Automatización de Pruebas con Selenium y Python - Enmilocalfunciona,https://www.enmilocalfunciona.io/automatizacion-de-pruebas-con-selenium-y-python/
Automatización con Python y Selenium,¿Cómo automatizar las pruebas del navegador con Python y Selenium ...,https://www.machinet.net/tutorial-es/automate-browser-testing-python-selenium-webdriver
Automatización con Python y Selenium,Automatización de Web Scraping con Python y Selenium: Una Guía Paso a Paso,https://web-scraping-con-python-y-selenium.hashnode.dev/automatizacion-de-web-scraping-con-python-y-selenium-una-guia-paso-a-paso
